transaction_id,customer_id,transaction_date,total_amount
1,67,2022-04-10,5861.93
2,38,2022-05-23,733.98
3,65,2023-12-23,8463.06
4,37,2022-09-27,1160.08
5,59,2021-03-07,3688.37
6,8,2023-03-24,4174.91
7,59,2021-06-11,3228.5200000000004
8,3,2022-02-21,4289.9
9,43,2023-05-26,4650.96
10,99,2021-05-20,97.72
11,61,2022-05-07,8007.09
12,19,2022-03-13,95.37
13,80,2022-06-03,2859.45
14,47,2023-08-23,7714.560000000001
15,83,2023-07-19,3366.8900000000003
16,23,2022-01-10,9468.42
17,2,2023-01-21,8830.720000000001
18,100,2023-04-18,2824.81
19,47,2022-08-14,3427.89
20,45,2022-12-28,7040.36
21,35,2021-11-04,898.66
22,26,2022-02-09,1620.12
23,62,2023-11-12,10744.91
24,44,2023-11-05,5855.16
25,6,2022-01-22,3246.16
26,42,2021-11-20,6229.329999999999
27,54,2022-03-23,5183.36
28,25,2023-09-17,8557.269999999999
29,10,2023-03-24,2978.09
30,72,2022-06-13,1324.4
31,10,2023-09-06,4309.24
32,26,2023-01-20,2912.31
33,28,2021-09-03,7138.91
34,22,2021-08-23,2695.98
35,88,2022-05-27,1728.94
36,72,2022-12-18,6309.6
37,2,2022-01-31,4346.09
38,57,2021-02-13,4927.49
39,64,2021-11-28,3789.7799999999997
40,28,2021-05-22,5234.1
41,99,2023-12-21,6493.299999999999
42,4,2023-10-14,4571.820000000001
43,45,2021-09-04,5715.7
44,42,2022-01-07,1835.06
45,26,2022-11-25,4497.53
46,47,2021-07-08,6196.7
47,89,2021-03-13,3868.2799999999997
48,50,2021-01-15,4250.38
49,30,2022-08-09,7924.6
50,14,2022-05-12,1513.94
51,30,2023-04-05,489.97
52,41,2023-02-21,3631.41
53,7,2021-11-09,1831.6
54,90,2021-07-06,4122.639999999999
55,6,2022-08-05,8866.99
56,83,2022-07-03,13539.95
57,90,2021-05-05,2335.46
58,64,2022-03-26,5414.78
59,26,2021-10-31,5272.84
60,65,2022-01-31,6570.06
61,68,2021-03-29,2520.63
62,18,2021-11-20,7840.92
63,91,2023-10-16,5551.24
64,64,2023-02-15,4982.280000000001
65,70,2021-09-17,1511.13
66,62,2022-06-18,3885.01
67,19,2021-09-26,8928.5
68,84,2022-05-07,9287.7
69,55,2023-05-15,3003.92
70,100,2021-04-17,281.8
71,80,2021-05-19,3671.62
72,96,2023-03-15,5053.2300000000005
73,86,2022-08-28,3621.9000000000005
74,41,2022-12-12,7105.379999999999
75,21,2022-06-19,544.74
76,93,2021-03-10,7048.82
77,39,2021-05-18,8521.57
78,42,2023-10-20,3372.79
79,6,2023-10-24,6521.43
80,11,2022-01-02,1308.3999999999999
81,6,2021-01-19,2656.8
82,22,2023-03-22,6161.669999999999
83,69,2022-11-02,234.46
84,61,2022-10-24,1615.4499999999998
85,76,2022-02-14,6612.97
86,52,2022-11-20,2250.59
87,52,2022-07-20,1033.47
88,50,2022-06-06,8860.68
89,93,2023-04-21,2840.0699999999997
90,89,2021-12-16,4436.79
91,58,2021-12-30,5841.6900000000005
92,12,2023-05-05,9215.48
93,29,2023-03-30,7799.55
94,13,2021-10-17,3871.17
95,96,2023-06-11,2494.37
96,72,2023-11-05,3669.9
97,77,2023-03-15,4147.9
98,80,2023-01-01,458.76
99,53,2022-05-30,4775.110000000001
100,2,2021-07-09,3310.0
101,75,2022-02-11,7917.119999999999
102,61,2023-07-08,10642.890000000001
103,4,2022-11-29,7730.37
104,65,2021-04-05,4882.67
105,47,2021-10-31,5993.0
106,90,2021-12-21,5179.5
107,3,2022-03-13,4386.46
108,45,2022-05-14,4503.7
109,47,2022-05-22,5703.88
110,39,2022-05-05,4446.95
111,2,2023-08-27,3669.9
112,71,2021-01-05,5240.460000000001
113,70,2023-01-17,4994.3
114,30,2022-03-01,152.92
115,39,2021-12-22,4355.64
116,79,2023-06-19,5460.4400000000005
117,7,2022-01-27,4917.42
118,45,2021-01-16,2201.94
119,28,2023-05-27,7028.34
120,27,2022-11-28,1415.62
121,46,2022-03-17,6023.07
122,86,2021-02-19,4428.72
123,89,2023-07-06,5973.650000000001
124,65,2023-07-08,6721.15
125,67,2021-04-28,103.26
126,33,2022-02-18,8151.59
127,36,2021-11-25,764.5999999999999
128,19,2021-03-28,305.84
129,6,2023-10-18,5277.9400000000005
130,66,2023-07-12,11254.43
131,100,2021-03-10,897.69
132,13,2021-02-22,1818.84
133,63,2021-10-15,3359.92
134,82,2021-09-17,6009.71
135,12,2021-08-27,6706.219999999999
136,41,2023-04-14,1215.09
137,1,2022-09-02,4892.75
138,84,2023-06-01,3661.78
139,80,2023-10-28,5907.530000000001
140,36,2021-11-28,3470.6400000000003
141,64,2021-08-10,7624.199999999999
142,89,2023-06-26,5520.960000000001
143,81,2021-03-03,3129.28
144,52,2021-03-14,829.5
145,60,2022-01-06,2492.5699999999997
146,87,2021-12-05,146.57999999999998
147,55,2023-06-01,1797.32
148,96,2023-05-17,2265.52
149,74,2023-05-13,6175.820000000001
150,96,2022-09-06,2435.5
151,51,2021-10-18,11770.16
152,71,2021-09-20,1867.44
153,15,2022-01-09,8688.880000000001
154,67,2022-08-06,10199.51
155,90,2022-12-27,244.3
156,8,2021-10-10,1513.94
157,29,2023-05-18,1677.75
158,22,2022-08-27,6347.76
159,83,2021-07-17,951.85
160,66,2023-10-04,4800.629999999999
161,80,2021-05-13,832.81
162,21,2022-11-07,3112.76
163,68,2023-03-11,9667.490000000002
164,79,2022-01-24,7136.02
165,78,2023-03-21,309.02
166,28,2022-08-15,564.69
167,82,2023-11-23,6349.820000000001
168,71,2021-10-04,1941.54
169,71,2021-01-15,2946.67
170,84,2021-01-22,6288.43
171,35,2021-01-08,811.54
172,52,2021-03-13,2249.76
173,63,2022-12-29,6726.7300000000005
174,85,2021-06-30,5675.67
175,9,2021-07-18,8279.36
176,59,2022-07-25,8352.779999999999
177,73,2023-02-26,5186.38
178,37,2023-05-29,5547.93
179,49,2022-05-24,733.98
180,52,2022-10-26,5066.07
181,26,2021-07-22,657.85
182,59,2022-08-11,9706.44
183,65,2022-01-02,5813.400000000001
184,29,2023-08-19,10818.04
185,48,2021-12-18,4164.049999999999
186,86,2021-03-01,9747.849999999999
187,22,2023-06-14,11102.329999999998
188,52,2022-09-12,1215.09
189,84,2021-01-05,4400.23
190,5,2023-08-29,8066.89
191,4,2021-10-13,4252.260000000001
192,80,2023-06-01,6598.960000000001
193,9,2021-02-02,4207.86
194,6,2022-12-04,1686.89
195,97,2023-07-26,651.4
196,15,2023-02-21,1660.77
197,84,2023-04-19,13350.899999999998
198,25,2022-07-11,5929.549999999999
199,65,2021-05-25,5410.05
200,51,2023-12-03,754.16
201,83,2021-04-12,8546.76
202,62,2023-01-14,3193.29
203,72,2023-11-17,6208.610000000001
204,63,2022-01-06,1677.08
205,29,2021-07-14,5625.539999999999
206,24,2023-10-23,647.19
207,100,2021-12-22,7150.09
208,75,2023-01-09,3853.8599999999997
209,79,2023-02-21,3138.5299999999997
210,50,2023-12-01,1797.32
211,44,2021-09-03,2637.75
212,70,2021-03-30,3909.53
213,38,2023-07-29,10167.619999999999
214,3,2023-11-17,661.72
215,36,2022-02-01,1805.1000000000001
216,21,2022-10-13,949.8800000000001
217,94,2021-03-20,1963.46
218,82,2021-10-04,5782.83
219,73,2021-03-09,6061.990000000001
220,14,2022-03-28,5733.219999999999
221,25,2023-02-24,195.44
222,33,2023-08-08,9441.91
223,96,2022-06-14,1004.56
224,76,2023-07-26,8363.52
225,18,2023-01-24,3540.32
226,38,2022-06-10,3431.92
227,55,2022-08-19,5650.13
228,42,2021-12-03,3650.2799999999997
229,16,2021-07-03,10553.32
230,64,2021-12-02,5238.35
231,82,2022-09-22,6386.88
232,69,2022-04-04,8428.41
233,58,2023-11-12,2594.76
234,75,2022-11-04,7283.99
235,2,2022-09-14,2668.17
236,50,2021-06-12,12732.2
237,91,2023-06-09,10157.82
238,5,2022-02-17,3978.5099999999998
239,3,2021-03-21,758.6899999999999
240,68,2021-04-12,4391.16
241,98,2022-06-08,9939.07
242,89,2022-10-02,9273.03
243,58,2022-07-04,5406.970000000001
244,37,2021-05-05,4045.55
245,86,2022-08-08,2958.2
246,26,2022-02-16,4756.400000000001
247,6,2023-11-21,9897.19
248,91,2022-11-30,3516.05
249,11,2022-09-13,3933.5600000000004
250,48,2023-09-19,8113.759999999999
251,4,2022-06-22,8032.67
252,6,2021-04-09,5087.75
253,3,2021-01-28,1183.68
254,59,2023-12-04,196.02
255,2,2023-01-29,7914.25
256,2,2021-02-22,1059.52
257,6,2023-10-21,6962.52
258,90,2022-09-27,4511.2
259,43,2022-07-14,4418.96
260,57,2022-06-12,7037.38
261,36,2022-08-08,286.11
262,56,2021-03-26,1767.25
263,3,2023-11-06,9505.47
264,90,2023-02-19,3481.5899999999997
265,59,2023-06-17,2912.31
266,81,2023-03-23,9391.55
267,15,2023-01-11,761.65
268,58,2022-01-01,2573.94
269,79,2023-04-10,8518.19
270,44,2021-07-01,3025.96
271,36,2023-09-05,7532.360000000001
272,69,2022-10-28,3684.7200000000003
273,11,2021-02-13,3858.54
274,65,2021-10-21,7908.78
275,58,2023-09-28,23.65
276,9,2022-12-12,6446.9
277,10,2021-06-30,4748.0199999999995
278,53,2023-12-09,4089.1699999999996
279,95,2022-03-24,3008.33
280,70,2023-12-27,5012.219999999999
281,5,2022-03-20,6166.67
282,71,2021-10-14,8951.64
283,86,2023-06-15,1999.5500000000002
284,64,2021-04-16,5364.2300000000005
285,34,2022-07-15,7242.790000000001
286,94,2023-12-22,1592.88
287,28,2021-03-14,4159.47
288,72,2021-01-28,4918.24
289,91,2021-10-08,1729.4
290,55,2021-03-02,10422.920000000002
291,36,2022-07-01,6002.639999999999
292,66,2021-07-27,4649.28
293,2,2021-07-20,1003.52
294,49,2022-03-10,2498.43
295,57,2021-11-24,5046.4
296,91,2022-08-10,3288.2799999999997
297,10,2022-11-16,5822.4
298,83,2021-11-11,5880.33
299,24,2022-09-26,2397.96
300,95,2022-11-20,4974.84
301,85,2022-07-06,3456.6800000000003
302,82,2022-09-07,814.25
303,64,2022-04-02,2621.34
304,70,2021-10-04,1331.25
305,38,2021-07-14,6756.3
306,55,2022-03-28,1053.76
307,84,2022-07-16,562.44
308,16,2021-08-31,4379.3099999999995
309,22,2023-10-31,1472.05
310,16,2023-11-18,6347.6
311,14,2021-07-02,3853.21
312,34,2023-04-02,598.46
313,76,2021-02-02,398.26
314,1,2023-04-25,6506.079999999999
315,3,2021-09-04,3595.43
316,34,2021-07-22,1886.1000000000001
317,31,2023-04-26,1620.12
318,83,2023-12-12,2911.7799999999997
319,75,2023-01-02,3850.87
320,91,2023-12-24,6552.450000000001
321,39,2022-08-21,5015.89
322,28,2021-02-01,1375.06
323,57,2021-06-10,829.5
324,32,2023-11-02,8530.09
325,26,2021-02-13,4577.51
326,39,2021-10-07,6771.34
327,64,2023-01-09,2789.9
328,91,2022-01-11,677.59
329,75,2023-11-12,6529.35
330,79,2021-12-08,553.0
331,30,2023-08-05,4228.56
332,66,2021-01-18,633.3
333,94,2023-11-01,1682.13
334,13,2021-06-06,6932.43
335,24,2023-01-08,7084.4
336,27,2022-04-09,625.78
337,51,2022-12-27,9213.51
338,94,2022-08-30,118.25
339,95,2022-05-08,7637.18
340,2,2023-10-26,857.98
341,17,2023-01-03,2579.84
342,93,2021-09-30,7805.93
343,17,2022-03-22,7914.140000000001
344,80,2022-05-24,1111.4
345,59,2021-09-24,3918.86
346,31,2021-03-23,3020.4
347,19,2023-04-27,2892.75
348,49,2021-04-28,8514.17
349,26,2021-02-22,9136.220000000001
350,49,2021-09-25,2249.76
351,5,2022-11-12,7310.73
352,10,2021-12-30,5141.88
353,46,2021-02-09,2281.16
354,96,2022-06-08,468.92
355,20,2023-07-15,10770.9
356,78,2022-05-04,8098.9
357,23,2022-09-13,4134.43
358,25,2023-07-08,7562.16
359,85,2021-01-02,7141.94
360,47,2023-05-10,2356.73
361,57,2023-03-07,4089.19
362,38,2023-11-09,2965.7899999999995
363,20,2023-04-24,3246.16
364,7,2022-07-17,2719.63
365,30,2023-01-15,1710.8199999999997
366,70,2021-09-25,1986.1200000000001
367,2,2022-05-09,1658.24
368,57,2022-03-20,10345.98
369,95,2021-09-25,1035.97
370,70,2023-03-18,4835.66
371,92,2022-02-28,10976.09
372,11,2022-09-08,3930.05
373,95,2023-06-23,1617.68
374,47,2023-12-12,9068.04
375,36,2021-12-13,982.56
376,83,2021-09-15,6525.46
377,93,2023-06-16,4386.42
378,95,2021-02-04,1914.77
379,39,2021-10-22,5213.2
380,83,2022-03-26,10482.56
381,63,2021-08-14,7537.74
382,44,2022-09-22,480.04
383,39,2023-07-31,2778.5
384,92,2022-04-29,5578.15
385,61,2023-01-23,4748.27
386,87,2022-08-18,5549.77
387,80,2023-08-30,1715.96
388,39,2023-11-27,5508.6
389,97,2021-09-15,886.75
390,57,2022-06-01,4662.830000000001
391,37,2021-08-06,1107.18
392,95,2021-10-07,11859.130000000001
393,49,2021-06-09,4025.1200000000003
394,89,2021-03-31,3524.0
395,43,2021-07-18,2330.4900000000002
396,3,2023-01-22,6235.43
397,67,2023-05-14,4269.88
398,26,2022-04-20,2545.2200000000003
399,73,2023-04-09,2330.4900000000002
400,45,2022-09-20,7146.19
401,95,2023-09-09,5355.58
402,61,2022-04-29,2837.82
403,25,2021-08-19,5960.96
404,47,2022-02-16,2979.2699999999995
405,55,2021-07-11,5170.06
406,99,2023-01-24,2319.26
407,41,2023-09-14,7883.289999999999
408,53,2023-10-19,4373.73
409,82,2023-01-11,5754.32
410,2,2023-07-30,13367.289999999999
411,91,2022-10-20,1965.5700000000002
412,87,2022-02-09,608.99
413,75,2022-12-04,1523.3
414,60,2022-05-16,1941.54
415,24,2023-07-27,4819.200000000001
416,51,2022-12-10,4706.87
417,43,2021-04-29,6419.800000000001
418,55,2023-11-28,8525.56
419,70,2022-09-20,945.52
420,91,2022-04-29,7315.9
421,80,2021-12-08,3547.0
422,11,2022-03-27,4845.26
423,66,2021-05-08,1200.1
424,93,2023-11-05,3705.3
425,54,2021-09-03,9287.6
426,13,2021-09-24,6063.78
427,50,2022-07-09,3784.8500000000004
428,38,2023-09-04,12484.78
429,78,2021-07-26,1715.96
430,34,2022-07-20,8894.470000000001
431,12,2021-08-27,3046.6
432,60,2021-06-01,7400.620000000001
433,48,2023-12-08,6402.3
434,10,2023-03-23,2377.6800000000003
435,19,2021-09-09,3036.4700000000003
436,88,2023-11-25,5848.24
437,3,2023-12-03,9020.57
438,16,2023-03-07,3257.91
439,54,2022-04-12,6016.8099999999995
440,77,2023-01-31,7608.25
441,88,2023-06-10,2944.31
442,46,2021-02-06,1194.78
443,76,2023-06-16,7123.01
444,67,2021-10-27,3191.3
445,2,2021-07-17,4142.97
446,19,2023-11-04,1715.96
447,11,2022-09-04,1513.94
448,87,2021-03-29,4946.5
449,96,2021-07-26,7210.67
450,19,2023-12-08,6536.299999999999
451,21,2021-03-16,8466.539999999999
452,39,2021-03-05,4598.3
453,29,2021-02-12,4514.93
454,81,2023-09-07,4169.26
455,17,2022-06-04,47.3
456,7,2021-08-06,1132.24
457,18,2023-12-22,3476.12
458,18,2023-09-08,3255.35
459,63,2021-02-09,5783.780000000001
460,84,2022-08-06,4580.38
461,1,2022-11-13,3036.64
462,23,2022-06-20,1827.79
463,95,2022-12-08,4858.6
464,24,2021-10-27,1636.82
465,46,2022-09-11,2960.86
466,26,2021-02-18,608.4300000000001
467,89,2021-06-03,3380.06
468,12,2023-07-21,2849.13
469,21,2023-04-10,2251.16
470,84,2023-12-25,3557.56
471,32,2021-06-12,5055.779999999999
472,17,2023-10-09,8811.47
473,6,2023-06-06,1667.8799999999999
474,97,2023-08-04,458.76
475,88,2023-02-09,1508.88
476,56,2022-04-30,2362.0
477,25,2023-09-14,832.81
478,31,2021-09-10,1172.3
479,19,2021-12-02,9118.93
480,81,2023-01-27,7724.77
481,31,2021-10-09,4063.86
482,94,2023-06-07,3879.8599999999997
483,77,2021-04-08,5533.969999999999
484,78,2021-07-23,1623.08
485,11,2022-10-14,6063.720000000001
486,63,2021-12-24,9096.95
487,25,2023-10-16,6349.49
488,22,2021-06-11,829.5
489,60,2022-07-11,980.1
490,70,2022-03-06,3794.73
491,74,2023-10-23,4181.05
492,70,2021-07-30,5324.29
493,65,2023-12-30,832.81
494,45,2021-05-03,70.94999999999999
495,49,2021-07-08,8562.3
496,81,2022-08-27,7209.33
497,68,2022-05-17,6308.32
498,19,2021-02-04,6932.610000000001
499,79,2021-08-14,4594.91
500,27,2021-06-14,377.22
501,48,2023-04-20,3824.06
502,76,2022-08-10,9665.359999999999
503,94,2021-12-06,5038.04
504,48,2023-10-31,13965.57
505,2,2022-01-25,9261.07
506,12,2021-10-28,7789.77
507,41,2021-02-23,2021.8
508,50,2022-11-02,2747.3999999999996
509,75,2022-05-30,330.86
510,64,2022-10-30,4992.13
511,71,2021-06-19,4242.34
512,47,2023-07-22,4331.3099999999995
513,83,2021-05-14,4916.950000000001
514,36,2022-09-25,8212.189999999999
515,13,2022-03-03,4287.46
516,88,2021-10-29,8846.81
517,45,2022-11-30,1484.7199999999998
518,77,2022-07-06,1292.36
519,28,2021-04-22,6792.71
520,39,2023-03-12,4425.700000000001
521,54,2023-07-22,2558.9300000000003
522,81,2021-04-15,4816.71
523,77,2023-08-20,5326.030000000001
524,93,2022-11-24,10513.309999999998
525,53,2021-02-20,1818.84
526,70,2022-04-05,3637.46
527,65,2022-12-21,94.6
528,44,2023-03-15,8615.56
529,35,2023-10-19,1292.36
530,45,2022-12-07,6942.099999999999
531,67,2022-01-03,12955.129999999997
532,49,2023-12-07,1141.52
533,74,2021-10-24,4880.78
534,9,2023-02-27,3796.54
535,61,2023-02-19,1442.65
536,14,2022-05-30,8705.27
537,1,2021-03-21,6280.9
538,13,2021-09-14,2025.1499999999999
539,35,2023-07-01,2736.18
540,61,2023-08-01,2765.26
541,54,2022-01-10,1266.6
542,50,2022-08-07,4450.360000000001
543,17,2021-10-04,23.65
544,66,2023-09-05,1411.5700000000002
545,42,2022-06-13,7800.3499999999985
546,20,2023-08-18,458.76
547,16,2023-12-22,4225.16
548,20,2022-03-23,6610.75
549,80,2023-02-19,784.08
550,5,2021-02-24,2583.98
551,22,2023-10-15,4510.530000000001
552,11,2021-12-25,3999.42
553,59,2023-12-12,2002.33
554,94,2023-04-17,1269.26
555,21,2021-07-27,2434.62
556,97,2021-01-15,9469.66
557,1,2023-10-06,754.44
558,75,2023-01-13,3944.6400000000003
559,10,2021-06-07,3414.51
560,72,2021-02-04,10811.75
561,41,2022-09-05,1389.75
562,83,2022-06-01,299.23
563,62,2022-01-29,754.44
564,72,2023-10-04,3016.64
565,56,2021-05-06,4815.200000000001
566,14,2021-11-17,3773.09
567,100,2022-12-24,1720.39
568,17,2021-08-16,6216.450000000001
569,69,2023-01-31,4853.85
570,57,2021-10-24,13270.079999999998
571,76,2023-01-31,2452.32
572,92,2022-07-10,6426.34
573,20,2023-03-05,7951.86
574,48,2021-01-17,5550.17
575,18,2021-06-19,4183.25
576,22,2022-09-21,489.95
577,11,2021-09-27,1886.1000000000001
578,89,2022-11-05,190.74
579,27,2022-01-19,2434.62
580,26,2023-07-09,342.04
581,61,2022-04-13,3359.92
582,17,2021-01-04,4254.219999999999
583,62,2023-08-14,2887.5699999999997
584,65,2021-05-09,4787.4
585,61,2022-10-30,5919.26
586,9,2022-01-26,12381.380000000001
587,70,2023-11-12,5838.280000000001
588,17,2021-12-21,5381.67
589,13,2023-11-15,10820.15
590,19,2023-07-29,3530.0899999999997
591,44,2023-08-27,5579.1
592,65,2023-03-06,2907.29
593,34,2023-12-26,1508.32
594,21,2022-08-08,3994.82
595,97,2021-11-01,5593.75
596,61,2023-12-28,761.6800000000001
597,51,2021-02-20,3505.08
598,41,2023-02-09,1683.8
599,81,2021-03-16,1513.94
600,69,2021-01-03,1106.0
601,44,2021-12-13,323.09
602,9,2023-02-21,4192.7
603,16,2023-01-25,4508.13
604,32,2022-01-13,10044.79
605,27,2023-09-20,811.54
606,51,2021-09-30,4650.679999999999
607,91,2022-03-14,2801.16
608,100,2022-12-11,5455.94
609,47,2021-03-02,6591.05
610,21,2021-12-30,7121.81
611,68,2022-05-23,733.98
612,56,2022-01-20,7136.21
613,40,2022-05-04,1196.92
614,20,2023-10-15,6777.639999999999
615,53,2022-06-15,2491.3
616,65,2023-01-12,1365.84
617,9,2023-03-26,10434.65
618,76,2022-08-04,1441.55
619,55,2021-03-01,553.59
620,87,2021-03-25,8115.44
621,81,2023-04-23,234.46
622,4,2023-06-11,7383.29
623,61,2023-10-08,6797.62
624,65,2023-12-28,9663.45
625,64,2021-06-05,4465.37
626,100,2022-06-13,909.9200000000001
627,53,2021-03-25,4843.61
628,79,2022-09-21,10647.45
629,13,2023-01-31,1417.38
630,10,2023-01-31,1775.0
631,40,2022-09-23,4958.46
632,60,2023-04-18,4109.83
633,5,2022-09-12,6361.3
634,98,2023-05-25,1124.88
635,87,2023-08-22,10000.51
636,63,2021-05-11,2185.33
637,68,2023-10-06,661.72
638,13,2022-01-12,3645.79
639,95,2022-04-16,1193.07
640,21,2022-05-14,5529.2
641,100,2021-12-19,608.99
642,79,2022-10-16,8891.54
643,63,2021-12-23,1124.88
644,31,2022-06-01,6869.0
645,73,2021-01-12,5360.26
646,29,2021-10-12,4969.530000000001
647,53,2023-08-19,3350.9
648,19,2022-04-20,3718.1699999999996
649,3,2021-03-31,1146.2
650,18,2023-10-01,1331.25
651,64,2022-09-04,4022.15
652,69,2022-11-24,1619.24
653,46,2021-07-01,2498.43
654,62,2022-03-27,6249.889999999999
655,59,2022-07-11,9410.449999999999
656,68,2022-09-05,5089.669999999999
657,35,2023-08-29,1508.26
658,79,2021-11-07,3273.66
659,33,2022-07-30,8111.2699999999995
660,12,2023-02-23,1111.4
661,56,2022-01-28,6702.08
662,42,2023-06-12,3669.36
663,19,2023-01-03,3975.31
664,72,2022-01-01,1654.3000000000002
665,55,2023-09-19,4070.46
666,78,2023-06-05,7578.66
667,90,2023-04-17,94.6
668,89,2021-05-28,544.74
669,100,2021-12-13,3159.03
670,16,2023-02-16,6908.75
671,10,2022-01-04,4936.91
672,34,2023-07-10,3594.64
673,7,2022-06-23,4267.29
674,90,2021-09-13,829.5
675,94,2021-08-20,5734.59
676,84,2023-12-26,3934.4
677,49,2023-01-18,5347.629999999999
678,59,2022-10-19,4562.28
679,45,2021-08-12,529.76
680,95,2023-05-14,4596.39
681,20,2021-05-24,8576.15
682,86,2021-08-03,9741.099999999999
683,29,2021-11-21,5012.1
684,57,2021-10-28,5129.52
685,38,2023-12-13,7805.16
686,80,2022-11-07,5551.570000000001
687,82,2021-10-01,2188.84
688,85,2021-08-02,6379.36
689,36,2021-01-01,4528.16
690,7,2023-12-18,3060.25
691,60,2021-04-07,855.1
692,5,2022-08-17,3934.78
693,93,2022-01-30,10840.009999999998
694,58,2021-07-04,3234.88
695,27,2022-11-30,3124.6099999999997
696,86,2022-01-06,6316.8
697,29,2023-01-08,829.5
698,88,2021-06-15,2867.66
699,63,2023-08-16,2694.92
700,55,2023-02-22,4761.46
701,15,2023-01-07,1249.69
702,22,2023-04-21,5056.05
703,54,2021-10-13,207.0
704,4,2023-01-30,2226.54
705,92,2021-09-14,1029.28
706,52,2023-07-19,5889.299999999999
707,88,2021-09-18,2601.08
708,40,2023-05-03,8164.41
709,36,2023-01-05,6353.889999999999
710,69,2023-10-22,2416.32
711,41,2021-05-24,5489.18
712,67,2021-02-08,8877.699999999999
713,5,2023-02-03,1217.98
714,64,2023-05-06,5235.78
715,19,2022-06-06,4431.1
716,64,2021-04-01,1674.02
717,14,2021-10-10,5071.88
718,11,2022-08-03,2593.23
719,23,2022-04-11,2541.8
720,86,2021-01-31,2434.62
721,94,2022-12-30,4805.52
722,93,2023-07-09,2201.94
723,28,2022-08-19,8463.18
724,49,2022-05-09,5438.280000000001
725,15,2021-09-13,2282.33
726,50,2021-06-18,8445.16
727,22,2021-05-21,4493.3
728,4,2023-09-20,196.02
729,77,2022-09-07,9803.3
730,72,2023-07-28,1819.49
731,16,2023-03-09,1940.72
732,42,2023-04-11,6854.48
733,58,2022-01-19,825.24
734,58,2021-10-15,6918.360000000001
735,73,2022-08-25,3148.05
736,26,2022-11-18,443.75
737,85,2022-04-03,70.94999999999999
738,85,2021-05-09,3428.52
739,78,2021-03-20,1747.23
740,93,2023-03-03,1952.07
741,86,2021-04-12,4774.6
742,26,2023-10-26,7548.34
743,66,2023-12-07,1724.8000000000002
744,73,2021-03-09,4389.03
745,59,2023-03-26,5281.77
746,58,2021-08-19,541.02
747,19,2021-03-08,565.32
748,39,2021-11-09,2604.94
749,25,2021-07-21,12004.099999999999
750,82,2021-11-08,6732.469999999999
751,24,2023-04-27,2472.5699999999997
752,17,2022-12-03,4739.25
753,4,2022-07-10,663.94
754,81,2022-07-31,2506.07
755,66,2022-02-07,4274.65
756,51,2022-05-04,5357.97
757,44,2021-02-14,1995.27
758,95,2022-11-11,4775.03
759,25,2021-02-06,7430.780000000001
760,21,2022-11-20,658.1200000000001
761,54,2023-12-14,7052.91
762,45,2023-11-26,2084.97
763,29,2021-10-07,4414.5
764,65,2023-11-16,207.0
765,36,2021-08-28,3850.5200000000004
766,22,2023-03-12,4597.99
767,54,2021-08-26,3853.42
768,37,2022-08-22,6560.58
769,80,2023-11-29,345.0
770,7,2021-07-17,4333.94
771,93,2021-11-23,5017.0599999999995
772,10,2023-06-21,3771.66
773,96,2022-07-10,7202.86
774,26,2022-01-26,1250.26
775,85,2022-12-08,5579.219999999999
776,42,2022-12-08,6897.35
777,39,2023-06-30,3860.6499999999996
778,22,2021-11-15,6463.39
779,3,2023-10-25,1553.66
780,27,2022-08-13,2286.96
781,55,2022-10-10,3007.5299999999997
782,10,2022-06-03,11197.34
783,96,2023-05-19,5580.030000000001
784,45,2022-05-30,6033.28
785,68,2021-09-28,7878.59
786,95,2022-05-14,1623.08
787,87,2023-03-31,6618.45
788,15,2023-12-30,2425.9
789,52,2023-04-13,2167.69
790,89,2023-04-21,392.04
791,6,2023-06-22,4729.97
792,29,2022-08-08,4178.8
793,10,2023-03-20,4666.99
794,19,2023-08-21,377.22
795,3,2023-11-04,3405.39
796,90,2023-01-11,3541.2000000000003
797,84,2022-06-01,4116.360000000001
798,25,2022-03-29,1508.32
799,12,2022-04-16,6204.780000000001
800,2,2022-08-12,5483.5
801,40,2023-02-18,776.83
802,26,2021-02-16,608.99
803,94,2021-10-03,2934.32
804,44,2021-01-11,4408.25
805,69,2023-06-25,3188.97
806,63,2023-01-29,1623.08
807,89,2022-04-17,1208.16
808,12,2021-03-18,5974.18
809,6,2022-04-23,10728.16
810,68,2023-10-07,2798.56
811,83,2023-07-15,2061.98
812,85,2022-11-06,1940.72
813,53,2023-03-05,1610.0600000000002
814,10,2023-05-04,4029.53
815,88,2021-10-08,3327.87
816,79,2021-11-28,3195.32
817,65,2021-07-11,3663.2
818,98,2023-10-07,10730.170000000002
819,73,2022-06-20,3948.56
820,88,2022-11-14,8526.01
821,82,2022-02-27,3995.8399999999997
822,27,2022-07-08,4468.639999999999
823,29,2022-12-02,756.97
824,42,2022-11-06,1477.87
825,83,2021-02-04,5411.530000000001
826,84,2022-09-19,4926.07
827,56,2022-02-09,5724.54
828,79,2023-11-07,4697.48
829,43,2023-06-05,1262.85
830,83,2021-11-06,3552.0
831,16,2021-01-09,1107.18
832,64,2022-04-02,3692.97
833,100,2023-09-05,5695.75
834,42,2023-02-01,443.75
835,62,2022-02-22,1595.2
836,29,2022-06-18,2288.2
837,93,2023-08-30,7286.450000000001
838,82,2021-08-19,276.5
839,70,2023-02-05,9699.72
840,34,2021-10-06,897.69
841,94,2023-03-14,9585.69
842,13,2022-07-09,1797.32
843,44,2023-03-22,4529.26
844,84,2021-06-20,4121.51
845,4,2022-12-26,4347.49
846,97,2023-01-15,6066.06
847,20,2022-01-04,1929.27
848,13,2023-11-12,6397.67
849,72,2023-03-16,529.76
850,72,2023-08-14,9216.69
851,36,2021-03-02,3836.8799999999997
852,50,2021-01-26,776.83
853,18,2022-08-10,909.42
854,88,2023-10-30,1698.47
855,40,2021-11-23,9003.58
856,26,2023-02-12,1323.44
857,19,2022-11-14,10135.5
858,8,2023-04-09,1217.98
859,81,2022-01-25,3911.94
860,3,2023-09-10,5497.139999999999
861,49,2022-04-05,7330.9400000000005
862,21,2021-07-30,3569.75
863,98,2023-04-23,553.59
864,24,2021-02-19,611.68
865,14,2021-01-09,2218.75
866,59,2021-11-05,5660.700000000001
867,78,2021-01-19,784.08
868,27,2022-02-27,1654.3000000000002
869,39,2021-11-29,3455.55
870,4,2021-08-27,3879.52
871,12,2023-03-28,2178.96
872,77,2022-08-15,7793.35
873,57,2021-04-21,4240.1900000000005
874,96,2021-08-17,397.69
875,62,2022-10-08,3646.62
876,13,2021-11-17,2772.34
877,28,2023-09-24,2576.84
878,58,2022-11-21,3381.38
879,55,2023-11-19,2705.9900000000002
880,45,2021-03-18,1217.98
881,95,2023-11-08,5535.8
882,40,2023-11-22,3284.9200000000005
883,42,2023-06-05,5409.1
884,60,2022-12-19,7901.259999999999
885,4,2023-09-17,2300.48
886,25,2022-10-20,2416.32
887,30,2021-02-21,4709.4400000000005
888,90,2022-02-04,2009.19
889,50,2023-02-27,761.6800000000001
890,86,2021-09-30,1106.0
891,55,2021-03-29,6240.889999999999
892,65,2023-04-18,207.0
893,61,2023-07-05,1687.3600000000001
894,23,2021-05-20,305.84
895,24,2023-11-21,95.37
896,24,2021-02-03,7263.22
897,67,2023-10-24,8096.66
898,1,2023-04-14,2556.4300000000003
899,2,2023-10-22,3513.19
900,16,2023-09-17,2293.8
901,85,2023-06-21,7902.549999999999
902,52,2021-06-01,2141.52
903,42,2021-05-15,4713.6
904,98,2021-04-30,4546.67
905,76,2022-07-27,598.46
906,1,2022-10-17,1950.2400000000002
907,38,2021-10-13,598.46
908,68,2021-06-07,3495.89
909,61,2023-09-13,769.26
910,21,2022-11-02,5840.08
911,53,2022-03-06,3663.2
912,21,2022-09-17,1164.69
913,1,2021-08-05,458.76
914,21,2022-04-21,6028.22
915,61,2021-01-12,937.84
916,37,2023-06-11,5576.96
917,99,2023-09-25,8132.339999999999
918,71,2021-06-21,970.36
919,38,2023-02-28,2080.84
920,27,2023-11-08,4178.63
921,67,2023-12-04,1106.0
922,84,2021-01-22,6457.0
923,58,2023-04-27,10971.36
924,31,2022-03-21,6636.139999999999
925,46,2023-05-23,1197.14
926,99,2021-02-06,2571.0
927,21,2022-03-12,1111.4
928,80,2021-08-23,838.54
929,71,2023-09-11,2222.8
930,33,2022-07-29,555.7
931,60,2023-11-09,3344.1800000000003
932,43,2023-10-28,7905.549999999999
933,68,2023-01-07,1455.54
934,61,2023-04-24,6043.4
935,19,2023-09-11,2331.87
936,30,2021-01-11,1940.72
937,84,2022-01-01,2297.15
938,31,2023-03-05,4057.7
939,65,2021-03-07,1889.08
940,87,2021-12-06,5869.78
941,19,2021-06-29,3637.68
942,67,2023-05-07,47.3
943,42,2023-02-15,1687.3200000000002
944,82,2023-05-30,4263.65
945,31,2021-11-10,1061.63
946,38,2021-05-28,6836.3
947,79,2022-12-03,2222.8
948,58,2021-12-25,1677.08
949,20,2021-11-17,3009.1600000000003
950,36,2022-08-30,1886.1000000000001
951,86,2021-08-19,2342.06
952,6,2021-01-26,8002.59
953,75,2021-09-15,3922.6199999999994
954,12,2021-10-10,4262.73
955,56,2022-10-27,535.69
956,50,2021-12-26,2330.4900000000002
957,43,2021-04-16,3067.83
958,95,2022-05-16,3416.82
959,71,2021-11-29,3107.32
960,49,2021-08-06,1461.5
961,21,2021-06-20,468.92
962,77,2022-01-24,3077.66
963,73,2022-05-27,2533.2
964,30,2022-10-24,1831.6
965,26,2022-09-30,2875.26
966,69,2022-09-09,2566.94
967,86,2023-03-05,1140.72
968,98,2022-06-20,6473.01
969,88,2022-10-12,397.69
970,20,2021-10-10,5355.58
971,69,2023-09-17,2705.3199999999997
972,97,2022-04-26,3723.7799999999997
973,62,2023-12-25,756.97
974,5,2023-04-25,1845.0400000000002
975,82,2023-11-18,553.59
976,56,2022-09-05,6177.4800000000005
977,97,2023-05-11,1391.04
978,7,2021-09-23,4752.92
979,16,2023-01-17,2376.52
980,62,2021-01-21,4153.3
981,88,2022-12-11,6471.049999999999
982,54,2023-10-24,933.72
983,38,2022-10-04,1677.75
984,8,2021-07-10,4579.0
985,88,2023-11-09,5559.85
986,68,2021-10-16,5929.450000000001
987,1,2023-09-07,264.88
988,8,2023-11-23,3943.52
989,88,2022-06-25,529.76
990,1,2021-04-28,4074.7200000000003
991,31,2022-03-29,2941.85
992,45,2022-07-30,2655.76
993,25,2022-01-28,2778.5
994,9,2023-11-24,3593.07
995,60,2023-08-08,5260.95
996,68,2023-12-02,8959.33
997,24,2021-09-13,7640.709999999999
998,38,2021-08-10,2838.3500000000004
999,18,2022-09-18,7642.14
1000,80,2021-12-10,1949.94
1001,11,2022-05-04,138.0
1002,75,2022-09-17,4324.52
1003,86,2021-12-26,2330.4900000000002
1004,11,2021-05-14,1006.6500000000001
1005,20,2023-06-20,4231.5
1006,68,2022-07-12,4165.83
1007,15,2023-04-18,4192.7
1008,27,2021-01-29,1071.88
1009,35,2023-03-31,4366.83
1010,52,2023-02-20,5097.7699999999995
1011,87,2021-04-05,1006.6500000000001
1012,36,2023-11-07,2007.6599999999999
1013,36,2021-02-19,4330.43
1014,10,2023-08-26,4802.8
1015,19,2021-09-02,4382.2
1016,96,2021-06-11,2957.53
1017,15,2022-07-04,4882.95
1018,92,2021-02-15,5063.16
1019,14,2023-05-16,1829.9899999999998
1020,14,2021-03-28,4332.0
1021,93,2021-08-15,5085.969999999999
1022,23,2021-08-07,3106.24
1023,67,2023-04-19,7513.78
1024,100,2022-12-21,3756.92
1025,5,2023-01-21,3340.07
1026,53,2021-06-14,1831.6
1027,34,2023-06-10,5529.18
1028,35,2022-10-03,7588.879999999999
1029,7,2022-11-25,11902.48
1030,93,2021-12-02,1382.5
1031,39,2022-10-28,3981.88
1032,48,2023-06-23,4212.85
1033,96,2023-02-19,1940.72
1034,26,2021-07-07,6484.6
1035,24,2022-12-13,3895.0800000000004
1036,84,2022-10-06,661.72
1037,15,2022-01-14,1613.1100000000001
1038,97,2023-05-28,1826.97
1039,13,2023-10-30,7383.24
1040,93,2022-05-03,2122.8199999999997
1041,87,2023-06-14,1667.1000000000001
1042,78,2022-01-25,2270.91
1043,51,2021-08-01,440.37
1044,78,2021-01-08,2661.6099999999997
1045,1,2021-09-07,1297.28
1046,54,2022-11-12,3770.7999999999997
1047,76,2021-03-18,1660.77
1048,94,2021-09-13,1331.25
1049,73,2023-02-01,264.88
1050,19,2023-09-30,3594.64
1051,59,2021-12-24,3791.59
1052,15,2021-05-08,722.22
1053,49,2021-12-29,937.84
1054,42,2022-10-11,684.08
1055,99,2021-06-22,234.46
1056,27,2021-04-13,2442.02
1057,10,2022-03-01,1634.22
1058,56,2021-12-07,3112.71
1059,79,2022-04-24,3325.26
1060,45,2022-09-04,4472.97
1061,97,2021-12-03,7232.45
1062,14,2023-09-24,1331.25
1063,23,2021-02-16,3634.8999999999996
1064,100,2023-02-17,4996.780000000001
1065,7,2022-04-17,1660.77
1066,59,2023-04-15,1940.72
1067,70,2022-04-03,3044.95
1068,36,2022-11-22,1513.94
1069,100,2023-09-12,3594.64
1070,51,2022-10-26,3902.7000000000003
1071,93,2022-02-06,2572.8500000000004
1072,96,2023-10-18,5462.6
1073,96,2022-12-20,1616.96
1074,86,2021-04-12,661.72
1075,55,2021-05-25,8659.630000000001
1076,8,2023-03-01,4698.280000000001
1077,70,2021-12-21,3663.2
1078,30,2023-01-29,4228.56
1079,26,2022-10-29,5704.950000000001
1080,50,2023-06-22,4789.52
1081,94,2022-10-22,4506.78
1082,9,2022-04-10,8709.47
1083,46,2023-08-22,4991.16
1084,77,2021-08-21,3025.0699999999997
1085,81,2021-04-17,2474.76
1086,63,2021-06-30,5523.700000000001
1087,57,2023-05-21,5345.98
1088,1,2021-03-20,3734.88
1089,96,2021-06-13,1665.62
1090,10,2023-12-31,3367.86
1091,96,2023-09-01,2927.37
1092,37,2022-05-22,2728.2599999999998
1093,2,2023-09-30,3340.48
1094,68,2022-06-10,6718.13
1095,39,2022-07-18,3226.6000000000004
1096,70,2023-05-15,2728.7200000000003
1097,75,2022-12-09,3488.45
1098,48,2023-01-20,777.94
1099,50,2022-04-24,2323.0
1100,91,2022-02-24,1775.0
1101,89,2022-11-26,9477.869999999999
1102,19,2023-10-21,661.72
1103,95,2021-10-31,1172.3
1104,57,2022-08-04,3480.16
1105,59,2022-06-25,1221.75
1106,86,2023-02-14,5774.6
1107,60,2022-04-01,3066.04
1108,73,2021-09-02,1590.76
1109,13,2021-01-09,598.46
1110,53,2021-12-07,633.3
1111,45,2023-09-23,2547.6400000000003
1112,73,2023-11-01,5277.64
1113,97,2023-12-26,5442.54
1114,69,2022-11-20,3112.6800000000003
1115,54,2022-03-22,2801.96
1116,88,2022-05-23,2511.05
1117,10,2023-07-24,646.18
1118,28,2021-10-26,8163.610000000001
1119,18,2022-08-11,937.84
1120,14,2021-05-26,1006.6500000000001
1121,81,2021-08-08,8204.3
1122,82,2022-01-28,345.0
1123,64,2021-11-09,4578.12
1124,27,2023-07-22,4511.78
1125,4,2022-08-22,330.86
1126,60,2022-04-06,3884.15
1127,9,2021-06-14,7270.799999999999
1128,14,2022-07-05,6797.77
1129,76,2023-04-06,8979.74
1130,44,2023-03-31,4664.45
1131,36,2021-01-03,2638.89
1132,19,2023-09-05,897.69
1133,56,2021-02-13,5726.400000000001
1134,89,2021-10-01,3637.68
1135,50,2022-08-14,2262.48
1136,26,2022-01-02,1273.25
1137,5,2021-11-03,6684.17
1138,90,2021-02-25,5397.82
1139,96,2022-05-09,1797.32
1140,13,2022-08-23,1271.49
1141,88,2021-07-06,3644.54
1142,54,2021-08-07,684.08
1143,49,2021-06-15,7787.34
1144,38,2021-03-13,2178.96
1145,41,2022-01-31,2555.67
1146,28,2023-12-14,1797.32
1147,30,2021-11-01,5444.0
1148,30,2022-04-02,8184.6
1149,6,2023-04-15,795.38
1150,92,2021-03-18,5469.28
1151,89,2022-06-22,1764.52
1152,73,2022-08-29,2091.85
1153,7,2023-05-22,1840.8
1154,82,2023-10-10,3319.7000000000003
1155,69,2022-06-21,1513.94
1156,89,2022-10-30,1382.5
1157,35,2021-11-06,2330.4900000000002
1158,72,2021-07-04,5193.29
1159,78,2021-04-19,2188.57
1160,63,2023-07-28,2518.7400000000002
1161,6,2022-03-25,5102.12
1162,57,2021-06-15,94.6
1163,93,2023-10-11,969.27
1164,10,2021-08-08,2679.9
1165,51,2021-06-22,3169.1099999999997
1166,87,2023-07-14,1246.48
1167,29,2021-10-06,2246.93
1168,89,2022-04-06,838.54
1169,14,2023-09-10,2737.55
1170,44,2023-07-26,3016.64
1171,43,2023-05-21,23.65
1172,3,2022-08-13,4192.7
1173,88,2023-12-28,4229.9
1174,50,2021-06-17,2304.26
1175,70,2021-07-27,7052.63
1176,34,2023-07-20,70.94999999999999
1177,80,2022-10-31,1436.74
1178,9,2023-03-20,5443.45
1179,4,2023-07-01,12009.2
1180,57,2021-04-01,6322.099999999999
1181,3,2022-04-22,4120.400000000001
1182,83,2023-06-19,4270.22
1183,20,2023-08-07,70.94999999999999
1184,49,2023-01-20,397.69
1185,4,2023-01-31,8565.74
1186,81,2021-12-30,1961.1
1187,76,2022-05-11,1553.66
1188,30,2021-05-15,2406.01
1189,77,2023-02-27,1776.38
1190,58,2023-04-16,6041.8
1191,65,2022-11-23,5543.280000000001
1192,93,2023-11-17,4218.360000000001
1193,88,2021-06-11,1508.32
1194,62,2023-06-24,335.55
1195,90,2021-09-15,5455.879999999999
1196,99,2021-03-01,1867.44
1197,61,2021-11-13,1163.54
1198,10,2022-12-02,1677.08
1199,88,2022-04-27,5033.51
1200,56,2021-11-09,2940.0600000000004
1201,78,2022-06-27,4150.23
1202,30,2023-11-28,4204.96
1203,51,2023-10-06,2818.9800000000005
1204,71,2023-04-11,1590.76
1205,71,2021-09-17,4415.700000000001
1206,64,2022-11-06,335.55
1207,82,2023-02-15,1818.84
1208,93,2023-09-19,1197.14
1209,5,2023-06-21,5412.63
1210,4,2022-04-29,3332.6899999999996
1211,37,2021-09-29,1615.4499999999998
1212,48,2023-09-13,3848.98
1213,74,2021-03-06,2515.62
1214,4,2023-06-10,4993.549999999999
1215,77,2023-02-11,4909.7
1216,93,2021-12-02,2728.2599999999998
1217,29,2022-12-13,7228.820000000001
1218,52,2022-10-04,6167.63
1219,59,2023-01-18,1217.98
1220,57,2021-05-08,2984.54
1221,83,2022-01-05,3637.68
1222,12,2022-04-25,2748.51
1223,35,2022-10-20,238.04000000000002
1224,26,2023-03-30,663.94
1225,92,2023-10-10,2131.19
1226,28,2023-06-01,1172.3
1227,5,2023-05-15,1264.72
1228,98,2021-12-04,1233.24
1229,52,2023-04-11,2498.43
1230,97,2021-01-29,1912.21
1231,41,2021-03-15,1742.23
1232,65,2023-07-24,47.3
1233,89,2021-05-20,3046.6299999999997
1234,45,2022-07-27,832.81
1235,78,2023-04-29,397.69
1236,38,2022-11-04,476.85
1237,39,2022-07-07,5571.41
1238,31,2022-04-02,2438.4300000000003
1239,78,2023-08-10,1151.46
1240,22,2023-01-19,1283.92
1241,16,2021-10-13,829.5
1242,40,2023-05-19,1774.76
1243,68,2022-09-09,2588.9700000000003
1244,86,2023-04-20,2420.44
1245,9,2022-12-17,2570.1800000000003
1246,5,2022-05-13,3130.9700000000003
1247,48,2022-01-30,3024.67
1248,17,2023-05-15,1660.77
1249,88,2022-05-05,1172.3
1250,93,2022-12-17,3676.98
1251,67,2022-02-13,3334.62
1252,7,2021-11-05,893.3000000000001
1253,38,2023-01-27,3912.4700000000003
1254,31,2023-01-08,2417.3
1255,5,2023-01-22,12147.39
1256,86,2021-12-22,6010.93
1257,53,2022-03-27,4358.719999999999
1258,47,2022-04-14,1553.66
1259,32,2021-12-03,4547.099999999999
1260,92,2021-02-13,5846.86
1261,26,2021-10-04,6045.52
1262,73,2022-09-08,2723.7
1263,43,2023-03-06,887.5
1264,43,2023-10-23,4525.58
1265,33,2022-10-07,6603.79
1266,95,2022-05-05,4677.389999999999
1267,41,2022-10-15,1977.4299999999998
1268,32,2022-04-15,8397.85
1269,4,2021-11-29,1886.1000000000001
1270,28,2023-10-27,3319.7000000000003
1271,40,2023-01-10,553.59
1272,90,2021-09-05,3014.13
1273,82,2021-03-24,608.99
1274,29,2021-12-20,2637.87
1275,96,2021-03-09,2435.96
1276,34,2022-09-04,2695.98
1277,23,2022-05-11,937.84
1278,29,2023-10-01,3718.8
1279,70,2022-10-16,3187.8100000000004
1280,93,2023-06-04,984.8
1281,50,2021-06-20,7463.210000000001
1282,47,2021-08-05,2328.59
1283,26,2022-07-12,1496.15
1284,8,2022-07-19,1131.66
1285,63,2022-02-14,3221.01
1286,11,2022-05-17,5805.360000000001
1287,37,2023-02-28,1668.51
1288,29,2021-07-05,3449.34
1289,60,2021-02-02,330.86
1290,56,2022-03-22,1836.24
1291,46,2021-05-20,2007.33
1292,98,2023-03-29,3107.32
1293,94,2023-01-12,1301.8400000000001
1294,82,2021-12-24,2747.3999999999996
1295,88,2021-04-20,234.46
1296,56,2021-01-19,4164.049999999999
1297,76,2022-07-31,933.72
1298,84,2021-11-10,3872.14
1299,59,2023-04-10,1818.84
1300,32,2021-03-31,2758.36
1301,1,2023-03-19,7561.07
1302,43,2021-09-22,4799.95
1303,6,2022-12-03,9517.53
1304,43,2021-01-23,3871.74
1305,88,2023-09-30,754.16
1306,85,2022-11-29,1988.45
1307,86,2022-08-02,3594.64
1308,27,2022-04-21,7791.79
1309,77,2021-06-08,2318.83
1310,36,2022-04-27,608.99
1311,79,2022-12-27,2648.34
1312,92,2023-12-12,2330.4900000000002
1313,94,2022-05-26,7930.869999999999
1314,85,2023-01-26,553.0
1315,31,2021-04-14,94.6
1316,74,2021-03-11,3273.88
1317,100,2021-10-01,3564.69
1318,74,2023-07-12,6133.030000000001
1319,33,2021-10-23,3299.76
1320,23,2021-04-08,1665.62
1321,16,2023-08-12,3830.88
1322,90,2022-07-11,3522.32
1323,91,2022-05-28,2126.2
1324,64,2023-06-22,3521.68
1325,85,2023-01-06,1382.5
1326,92,2021-05-04,3826.31
1327,96,2021-05-17,3594.64
1328,10,2021-12-31,3855.74
1329,61,2023-11-18,4038.26
1330,44,2022-08-04,754.16
1331,16,2022-02-01,10475.74
1332,31,2022-03-24,6551.5599999999995
1333,76,2023-08-27,3027.88
1334,33,2022-02-14,4668.6
1335,71,2021-01-28,5191.44
1336,50,2023-02-02,1791.2600000000002
1337,3,2022-03-07,544.74
1338,29,2021-08-19,1818.84
1339,99,2022-06-07,3878.02
1340,33,2023-12-10,5476.6900000000005
1341,55,2023-10-19,5393.030000000001
1342,24,2021-02-12,2695.98
1343,77,2021-01-25,2104.95
1344,52,2022-09-01,1342.2
1345,14,2023-11-29,1217.98
1346,33,2022-03-21,5108.5
1347,31,2022-06-22,95.37
1348,78,2021-02-17,1831.6
1349,26,2023-11-29,4192.7
1350,76,2021-06-23,6284.110000000001
1351,78,2021-11-02,2934.85
1352,20,2022-07-06,3611.6700000000005
1353,11,2021-12-29,6536.54
1354,28,2021-08-19,377.22
1355,68,2022-10-16,3151.28
1356,20,2023-12-30,3020.4
1357,2,2023-01-09,299.23
1358,12,2023-12-04,4524.96
1359,50,2023-08-24,2695.98
1360,73,2023-11-11,2947.3
1361,46,2021-06-08,898.66
1362,59,2023-09-04,8585.949999999999
1363,49,2021-09-16,6904.47
1364,79,2021-12-06,3770.7999999999997
1365,62,2021-06-04,2867.0
1366,44,2023-01-11,9774.93
1367,78,2021-07-04,8391.42
1368,56,2022-07-12,3574.71
1369,38,2023-05-14,1665.62
1370,36,2021-06-20,1006.6500000000001
1371,96,2022-04-16,4124.7300000000005
1372,60,2021-04-07,3178.27
1373,10,2023-03-04,604.08
1374,31,2023-01-11,476.85
1375,89,2023-02-05,6302.820000000001
1376,44,2023-05-04,3272.65
1377,55,2023-03-26,5826.92
1378,71,2021-07-21,6813.03
1379,21,2022-09-11,171.02
1380,93,2022-10-03,2655.76
1381,44,2022-09-18,8087.9400000000005
1382,74,2021-05-07,4236.139999999999
1383,66,2021-10-19,1431.27
1384,78,2023-04-17,3069.3900000000003
1385,23,2023-01-17,776.83
1386,20,2021-02-11,553.59
1387,21,2021-06-27,6264.870000000001
1388,98,2022-05-14,3016.64
1389,46,2022-12-22,897.69
1390,98,2022-03-26,4579.0
1391,3,2022-01-13,447.52
1392,77,2023-03-27,3188.7400000000002
1393,52,2022-08-22,286.11
1394,76,2023-08-13,2521.58
1395,9,2021-03-02,2912.42
1396,20,2021-11-28,4002.3399999999997
1397,53,2023-01-22,3387.12
1398,2,2022-05-10,3550.0
1399,94,2021-09-14,2767.9500000000003
1400,30,2022-01-22,3142.54
1401,5,2022-10-16,2564.9500000000003
1402,77,2021-01-23,7044.32
1403,94,2022-06-29,299.23
1404,72,2023-09-08,3319.7000000000003
1405,27,2022-02-12,4667.469999999999
1406,75,2023-11-26,94.6
1407,7,2022-06-13,529.76
1408,62,2022-12-13,6827.530000000001
1409,16,2023-07-21,3231.41
1410,22,2021-02-11,4672.35
1411,66,2022-05-06,8403.48
1412,63,2022-10-11,3770.7999999999997
1413,96,2023-07-08,863.34
1414,11,2023-03-15,1331.25
1415,80,2022-08-20,684.08
1416,48,2021-07-10,6671.119999999999
1417,24,2023-10-26,1818.84
1418,18,2023-04-26,1324.4
1419,59,2021-04-15,6431.15
1420,18,2022-03-16,1442.43
1421,38,2021-12-15,2270.91
1422,97,2023-02-16,3228.5299999999997
1423,91,2023-07-18,1797.32
1424,75,2022-03-18,3663.2
1425,76,2023-10-15,6415.7
1426,98,2021-10-04,1615.4499999999998
1427,39,2021-10-24,171.02
1428,44,2023-12-04,1590.76
1429,54,2023-12-22,2501.0099999999998
1430,41,2022-09-23,5549.77
1431,79,2023-04-10,969.27
1432,90,2023-11-03,3468.9400000000005
1433,75,2023-09-04,5962.389999999999
1434,29,2021-10-05,909.42
1435,92,2021-01-27,3784.8500000000004
1436,50,2022-07-25,646.18
1437,54,2021-06-09,381.48
1438,59,2022-03-30,4492.18
1439,63,2021-11-12,3402.1899999999996
1440,13,2021-11-04,3374.4399999999996
1441,95,2023-11-09,6729.06
1442,58,2023-08-15,915.8
1443,38,2023-06-19,4167.68
1444,19,2022-01-21,94.6
1445,65,2021-10-07,1089.48
1446,53,2021-06-02,6563.830000000001
1447,88,2023-03-05,887.5
1448,30,2021-06-29,2874.5299999999997
1449,40,2022-01-13,684.08
1450,57,2022-08-02,1988.45
1451,27,2022-08-21,829.5
1452,56,2021-08-14,5007.39
1453,21,2021-06-08,1879.63
1454,58,2021-07-11,832.81
1455,27,2023-10-05,6458.58
1456,14,2022-02-10,1988.45
1457,57,2023-08-23,832.81
1458,87,2023-04-12,513.0600000000001
1459,81,2021-01-22,5802.11
1460,53,2022-10-03,795.38
1461,58,2023-03-30,7766.32
1462,81,2022-06-26,190.74
1463,28,2023-10-11,3637.68
1464,74,2021-05-16,2801.16
1465,12,2022-06-26,2181.8100000000004
1466,55,2021-12-27,3645.44
1467,23,2021-02-04,3669.57
1468,66,2022-02-09,1342.2
1469,91,2022-07-31,342.04
1470,72,2023-05-12,3734.1499999999996
1471,24,2022-06-18,3929.7
1472,16,2021-05-23,5922.43
1473,97,2023-05-21,3603.8999999999996
1474,60,2023-02-23,476.85
1475,81,2022-07-15,608.99
1476,55,2021-11-26,23.65
1477,89,2023-05-04,3132.28
1478,16,2022-04-18,2695.98
1479,37,2021-08-24,1502.27
1480,49,2021-10-18,1590.76
1481,65,2022-09-27,4486.88
1482,34,2023-10-04,1988.45
1483,58,2023-11-27,171.02
1484,6,2022-11-18,118.25
1485,71,2023-01-02,794.64
1486,26,2021-07-08,5598.57
1487,70,2023-01-10,286.11
1488,84,2023-01-22,1292.7600000000002
1489,75,2023-06-18,3263.28
1490,20,2022-01-12,5614.369999999999
1491,94,2022-11-05,1106.0
1492,100,2021-10-02,4615.62
1493,38,2022-09-23,4577.76
1494,90,2022-01-06,5497.139999999999
1495,7,2022-03-12,1107.18
1496,27,2023-10-21,3432.34
1497,58,2021-04-15,915.8
1498,11,2023-09-05,286.11
1499,15,2021-09-21,4236.58
1500,40,2023-09-13,5837.1900000000005
1501,88,2021-12-18,3372.2000000000003
1502,21,2021-10-14,1665.62
1503,100,2021-09-21,1193.07
1504,48,2022-07-15,7541.599999999999
1505,92,2021-11-12,1677.75
1506,81,2022-12-29,4665.349999999999
1507,38,2022-12-29,1106.0
1508,45,2022-03-07,3637.68
1509,43,2021-03-28,3770.7999999999997
1510,40,2023-05-27,2801.16
1511,33,2021-02-02,5989.549999999999
1512,99,2022-03-12,2344.92
1513,21,2022-01-21,4722.77
1514,17,2023-09-02,1615.4499999999998
1515,56,2022-01-06,3922.6100000000006
1516,15,2023-10-16,476.85
1517,40,2023-01-22,1669.92
1518,62,2022-02-24,23.65
1519,4,2021-06-28,2995.58
1520,37,2021-02-18,2214.36
1521,61,2023-10-04,5780.049999999999
1522,6,2022-02-20,553.0
1523,87,2022-09-07,1387.73
1524,22,2022-01-03,3637.68
1525,6,2023-02-21,6979.3099999999995
1526,90,2022-04-30,1441.0500000000002
1527,82,2022-10-17,1342.2
1528,32,2023-09-30,513.0600000000001
1529,44,2021-06-18,646.18
1530,76,2021-06-01,4476.84
1531,66,2022-04-25,1616.05
1532,37,2023-09-19,2162.84
1533,94,2022-02-22,5177.139999999999
1534,34,2023-11-04,6430.35
1535,51,2023-12-21,3896.29
1536,50,2023-11-02,5050.08
1537,89,2021-12-05,5662.5599999999995
1538,59,2023-04-20,3294.44
1539,52,2021-01-24,1867.44
1540,49,2023-02-01,2655.76
1541,92,2022-05-25,3339.84
1542,82,2021-04-03,6907.33
1543,26,2023-04-17,4839.5599999999995
1544,56,2022-12-27,3641.94
1545,92,2022-10-19,2182.98
1546,44,2022-02-23,3088.38
1547,82,2022-02-07,323.09
1548,87,2022-07-04,7193.11
1549,51,2021-06-20,6410.6
1550,50,2023-07-01,468.92
1551,80,2023-09-05,5321.68
1552,76,2021-05-03,8313.880000000001
1553,33,2021-04-21,1775.0
1554,92,2021-10-13,2066.17
1555,80,2023-01-21,299.23
1556,28,2023-02-20,2521.32
1557,72,2022-11-13,3307.5
1558,72,2023-09-11,2330.4900000000002
1559,64,2021-04-13,3260.4599999999996
1560,83,2023-07-14,6653.37
1561,31,2022-11-10,3842.49
1562,69,2023-12-27,2931.33
1563,92,2021-03-18,4369.26
1564,68,2023-04-22,794.64
1565,72,2023-08-17,4856.2699999999995
1566,91,2021-06-26,1196.92
1567,31,2023-05-01,6170.99
1568,37,2022-07-27,2214.36
1569,7,2022-08-07,858.33
1570,12,2022-02-06,3504.37
1571,71,2021-09-09,4071.7999999999997
1572,25,2021-02-11,756.97
1573,78,2021-02-27,3331.24
1574,54,2022-04-18,2747.3999999999996
1575,33,2021-12-03,3307.45
1576,71,2021-10-02,70.94999999999999
1577,80,2021-07-24,3890.64
1578,49,2022-07-19,4739.55
1579,65,2021-03-15,3027.88
1580,29,2021-02-02,1793.6999999999998
1581,47,2022-09-26,476.85
1582,2,2022-07-17,299.23
1583,66,2023-11-06,3784.8500000000004
1584,39,2023-11-09,1775.0
1585,84,2021-08-02,639.34
1586,11,2021-01-08,4433.110000000001
1587,67,2022-11-14,4997.450000000001
1588,81,2021-03-14,1331.25
1589,55,2022-12-19,1895.79
1590,12,2021-01-31,6443.6
1591,64,2023-03-10,2102.49
1592,76,2023-12-20,3016.64
1593,29,2023-09-23,1665.62
1594,54,2021-02-27,3452.95
1595,43,2023-05-16,2801.16
1596,59,2022-06-01,2723.7
1597,64,2021-03-30,2330.4900000000002
1598,14,2021-05-03,776.83
1599,32,2021-07-14,1956.3
1600,46,2022-01-21,1991.8200000000002
1601,74,2021-12-20,3225.92
1602,60,2021-12-28,7184.51
1603,5,2022-11-26,933.72
1604,43,2023-08-20,342.04
1605,41,2022-07-13,4547.099999999999
1606,65,2023-08-08,529.76
1607,35,2022-10-01,3513.59
1608,77,2023-06-07,4190.68
1609,44,2023-10-16,5008.84
1610,81,2023-12-22,3300.99
1611,20,2022-04-10,2662.5
1612,66,2023-12-30,1478.9899999999998
1613,38,2021-05-16,1107.18
1614,93,2022-04-25,832.81
1615,95,2023-11-27,2695.98
1616,89,2023-08-17,3342.16
1617,71,2022-03-26,832.81
1618,34,2023-12-23,443.75
1619,2,2023-10-07,5357.119999999999
1620,65,2023-12-26,2850.05
1621,4,2021-02-25,6665.5599999999995
1622,19,2023-01-18,1513.94
1623,9,2022-06-17,2433.5
1624,84,2021-08-27,2655.76
1625,61,2021-11-01,9508.82
1626,5,2023-09-30,2655.76
1627,29,2021-09-29,2344.29
1628,48,2022-02-05,8832.65
1629,75,2021-11-26,981.73
1630,100,2021-11-07,3859.52
1631,72,2022-09-24,4164.049999999999
1632,20,2022-10-25,1327.88
1633,36,2023-04-03,7189.280000000001
1634,84,2021-12-20,468.92
1635,48,2022-11-10,381.48
1636,4,2023-02-14,1307.75
1637,59,2021-07-15,1220.78
1638,29,2021-02-12,335.55
1639,93,2021-06-03,6233.3099999999995
1640,68,2022-10-13,1513.94
1641,1,2023-05-30,933.72
1642,47,2022-01-23,1193.07
1643,7,2022-11-16,2369.6099999999997
1644,72,2021-01-06,299.23
1645,17,2023-09-14,4996.86
1646,96,2023-03-09,1496.15
1647,95,2022-11-22,323.09
1648,92,2021-08-06,1271.5300000000002
1649,78,2021-04-15,95.37
1650,95,2022-04-08,855.1
1651,20,2023-05-24,4668.6
1652,2,2021-05-30,335.55
1653,38,2021-03-28,2370.8999999999996
1654,9,2022-11-05,286.11
1655,46,2022-04-28,3761.76
1656,58,2021-04-10,1583.6599999999999
1657,78,2021-08-31,754.16
1658,16,2023-08-13,1843.1399999999999
1659,13,2021-02-21,544.74
1660,31,2021-10-26,6362.59
1661,68,2023-11-30,4493.3
1662,1,2021-11-30,3038.7
1663,57,2023-05-30,3016.64
1664,91,2022-11-27,1107.18
1665,97,2022-03-16,12383.47
1666,71,2021-10-05,1797.32
1667,61,2023-01-18,2881.52
1668,77,2022-08-08,2728.2599999999998
1669,34,2022-11-02,2270.91
1670,34,2022-09-29,476.85
1671,52,2023-08-04,841.44
1672,100,2022-03-03,234.46
1673,85,2023-07-19,1767.3400000000001
1674,40,2021-03-10,1818.84
1675,26,2021-03-24,3027.88
1676,8,2022-09-01,1513.94
1677,26,2021-06-01,529.76
1678,92,2022-11-05,190.74
1679,13,2022-04-16,2218.75
1680,1,2022-06-30,1668.6100000000001
1681,22,2023-01-31,6154.07
1682,5,2021-03-21,1583.6599999999999
1683,65,2022-05-19,897.69
1684,13,2022-11-08,897.69
1685,9,2023-05-05,1172.3
1686,54,2022-10-21,2767.9500000000003
1687,49,2022-12-22,6362.59
1688,21,2023-03-30,832.81
1689,57,2021-08-31,5288.68
1690,1,2022-01-17,443.75
1691,41,2022-03-17,6445.02
1692,80,2023-01-24,299.23
1693,25,2021-07-19,3004.4700000000003
1694,60,2023-06-01,299.23
1695,18,2022-03-04,2411.95
1696,89,2021-11-22,3734.88
1697,7,2021-03-01,1590.76
1698,9,2022-03-11,2393.84
1699,81,2023-01-29,5153.299999999999
1700,67,2022-07-23,1513.94
1701,47,2021-01-11,5666.59
1702,83,2023-10-25,443.75
1703,48,2023-11-12,476.85
1704,56,2022-07-15,3027.88
1705,26,2022-06-03,3914.18
1706,95,2022-10-11,1292.36
1707,22,2021-06-02,598.46
1708,28,2023-03-03,529.76
1709,52,2023-01-03,3010.09
1710,28,2021-12-02,6852.030000000001
1711,38,2023-07-04,286.11
1712,74,2022-11-18,276.5
1713,69,2021-03-23,1851.51
1714,66,2021-08-15,1937.27
1715,55,2021-12-19,2801.16
1716,94,2022-09-04,3734.88
1717,85,2023-11-06,1861.01
1718,51,2023-06-13,529.76
1719,13,2021-11-22,3027.88
1720,65,2021-08-14,4668.6
1721,30,2023-11-16,1775.0
1722,88,2022-10-04,795.38
1723,16,2021-02-26,2767.9500000000003
1724,6,2021-08-19,3331.24
1725,35,2022-04-27,832.81
1726,35,2021-01-03,1775.0
1727,94,2021-05-03,323.09
1728,100,2023-01-13,1130.93
1729,56,2023-02-09,795.38
1730,39,2022-11-24,3027.88
1731,23,2021-11-13,234.46
1732,22,2022-01-26,476.85
1733,5,2023-03-15,1761.0300000000002
1734,82,2022-04-10,1092.52
1735,52,2022-08-01,299.23
1736,99,2021-03-27,1867.44
1737,29,2023-06-22,4037.48
1738,98,2021-01-15,4996.859999999999
1739,26,2023-06-23,1590.76
1740,89,2023-06-08,95.37
1741,27,2023-03-28,1818.84
1742,47,2023-12-26,6089.490000000001
1743,66,2022-01-08,1867.44
1744,80,2021-10-27,529.76
1745,5,2022-12-20,3331.24
1746,54,2022-09-09,3538.76
1747,40,2022-02-20,2801.16
1748,12,2021-02-08,756.97
1749,71,2022-12-25,2218.75
1750,10,2022-04-01,2801.16
1751,78,2023-04-27,969.27
1752,61,2022-04-12,832.81
1753,37,2023-10-03,2569.62
1754,3,2022-11-16,2801.16
1755,6,2023-05-25,4089.75
1756,6,2022-12-25,476.85
1757,70,2023-08-28,2311.7999999999997
1758,2,2022-12-18,5854.259999999999
1759,38,2023-07-17,3331.24
1760,42,2022-02-27,2262.48
1761,21,2021-07-21,1196.92
1762,42,2023-01-21,264.88
1763,9,2023-06-19,1374.48
1764,58,2022-12-05,5556.1
1765,28,2022-08-03,969.27
1766,98,2022-07-29,1996.32
1767,1,2021-04-21,909.42
1768,39,2021-10-24,2801.16
1769,99,2021-12-06,1324.4
1770,96,2021-08-25,264.88
1771,19,2023-01-31,4846.72
1772,40,2021-02-07,2270.91
1773,38,2023-12-14,264.88
1774,78,2023-07-29,335.55
1775,23,2021-10-09,1513.94
1776,64,2022-10-22,1867.44
1777,37,2023-06-17,1496.15
1778,69,2021-06-29,3354.16
1779,38,2022-01-08,1006.6500000000001
1780,19,2021-06-15,468.92
1781,5,2022-08-03,1223.05
1782,7,2021-04-11,4467.18
1783,4,2023-09-27,553.59
1784,94,2023-09-01,553.59
1785,93,2021-09-18,1665.62
1786,62,2021-08-29,95.37
1787,16,2021-06-07,1508.32
1788,69,2021-02-02,299.23
1789,78,2021-02-13,646.18
1790,4,2022-03-25,3100.41
1791,11,2023-02-16,1660.77
1792,27,2023-08-04,264.88
1793,25,2021-06-12,598.46
1794,66,2021-02-21,671.1
1795,91,2021-04-04,671.1
1796,35,2022-01-16,4164.049999999999
1797,29,2021-05-29,1508.32
1798,93,2021-11-04,264.88
1799,8,2023-09-12,1196.92
1800,67,2021-03-11,4288.47
1801,2,2023-10-22,3770.7999999999997
1802,28,2023-03-27,598.46
1803,25,2022-04-02,1739.89
1804,26,2023-11-16,1196.92
1805,1,2023-06-28,476.85
1806,13,2021-01-12,2270.91
1807,96,2021-12-18,4164.049999999999
1808,25,2023-12-25,1059.52
1809,95,2021-07-02,887.5
1810,33,2022-03-03,553.59
1811,13,2021-01-29,1615.4499999999998
1812,23,2022-05-20,1106.0
1813,30,2021-06-21,276.5
1814,87,2022-09-12,264.88
1815,55,2023-11-02,553.59
1816,53,2021-04-25,756.97
1817,8,2023-06-07,2728.2599999999998
1818,93,2021-02-04,5038.860000000001
1819,63,2022-09-26,754.16
1820,94,2021-03-15,299.23
1821,7,2021-03-30,2548.59
1822,60,2022-03-19,1615.4499999999998
1823,32,2022-03-31,1107.18
1824,53,2021-10-29,95.37
1825,33,2021-11-15,754.16
1826,5,2023-06-16,1831.4099999999999
1827,66,2021-02-11,703.38
1828,85,2021-02-07,1393.29
1829,96,2023-02-26,1107.18
1830,100,2021-11-23,1615.4499999999998
1831,37,2021-12-15,794.64
1832,40,2022-06-10,2971.92
1833,98,2023-12-05,909.42
1834,34,2023-09-20,3149.4300000000003
1835,86,2021-12-18,4668.6
1836,69,2021-09-28,4846.72
1837,35,2021-09-26,794.64
1838,65,2021-08-22,598.46
1839,44,2021-12-13,1922.8600000000001
1840,28,2023-08-08,1210.22
1841,2,2021-09-03,1615.4499999999998
1842,27,2022-07-17,1292.36
1843,70,2021-07-16,1615.4499999999998
1844,25,2022-02-17,1392.1100000000001
1845,68,2021-07-16,1677.75
1846,6,2022-03-27,1615.4499999999998
1847,54,2023-10-16,2570.82
1848,47,2021-10-30,1107.18
1849,40,2022-07-21,933.72
1850,43,2021-11-09,1615.4499999999998
1851,7,2023-11-13,2125.17
1852,84,2022-11-16,1006.6500000000001
1853,2,2021-10-29,4846.33
1854,35,2022-04-28,4253.77
1855,64,2021-08-05,2728.2599999999998
1856,47,2021-01-13,598.46
1857,32,2021-12-14,2270.91
1858,40,2021-04-09,2598.03
1859,45,2021-02-06,5912.02
1860,57,2021-07-15,887.5
1861,46,2022-12-11,1498.02
1862,86,2021-06-23,909.42
1863,36,2021-11-28,703.38
1864,38,2023-01-04,2498.43
1865,32,2021-12-26,1615.4499999999998
1866,74,2021-08-02,1290.9
1867,94,2021-11-18,2801.16
1868,40,2021-07-15,553.59
1869,47,2023-10-01,286.11
1870,48,2023-12-18,1309.6599999999999
1871,75,2022-12-27,897.69
1872,87,2022-07-18,933.72
1873,89,2022-01-27,3637.68
1874,68,2022-05-22,3432.1499999999996
1875,29,2021-10-08,3016.64
1876,41,2021-01-23,1059.52
1877,41,2021-01-26,3169.09
1878,64,2021-10-17,2262.48
1879,62,2023-10-11,1331.25
1880,54,2022-11-07,1665.62
1881,96,2022-05-19,3734.88
1882,95,2022-03-29,1660.77
1883,63,2023-01-21,529.76
1884,17,2022-08-20,4547.099999999999
1885,52,2023-12-07,1107.18
1886,87,2022-10-27,794.64
1887,48,2021-03-05,335.55
1888,78,2023-11-14,3637.68
1889,41,2022-07-25,1513.94
1890,24,2022-05-16,335.55
1891,73,2021-01-23,1775.0
1892,49,2021-12-22,1107.18
1893,17,2022-02-13,381.48
1894,7,2023-07-26,1508.32
1895,86,2021-11-09,381.48
1896,63,2021-04-09,1273.25
1897,38,2023-04-14,1677.75
1898,16,2022-11-09,3331.24
1899,92,2022-02-01,4668.6
1900,14,2021-06-13,887.5
1901,69,2021-09-15,3027.88
1902,69,2022-04-24,299.23
1903,82,2023-02-21,4078.51
1904,93,2023-01-07,1342.2
1905,77,2022-06-26,2767.9500000000003
1906,4,2023-09-09,1382.5
1907,13,2022-06-19,3179.56
1908,92,2023-10-14,1059.52
1909,82,2023-06-26,299.23
1910,38,2022-04-22,190.74
1911,87,2022-02-10,897.69
1912,55,2021-07-07,1342.2
1913,53,2021-08-24,1297.92
1914,26,2021-10-27,335.55
1915,67,2023-09-23,6155.320000000001
1916,25,2021-09-30,3331.24
1917,29,2022-12-10,598.46
1918,79,2021-11-21,553.59
1919,24,2023-06-15,5097.7699999999995
1920,44,2023-01-06,3770.7999999999997
1921,33,2021-01-24,756.97
1922,100,2023-07-14,3293.14
1923,41,2023-06-13,1331.25
1924,56,2022-08-14,381.48
1925,33,2021-06-07,4677.41
1926,6,2021-11-23,1324.4
1927,69,2021-09-27,969.27
1928,21,2022-08-03,8711.149999999998
1929,90,2021-07-02,1331.25
1930,46,2021-10-14,1342.2
1931,44,2023-08-31,1382.5
1932,100,2023-10-21,1059.52
1933,29,2023-04-25,2502.95
1934,1,2023-02-16,553.0
1935,27,2022-03-27,1867.44
1936,30,2023-01-20,2767.9500000000003
1937,95,2023-06-03,1006.6500000000001
1938,18,2023-11-27,1665.62
1939,80,2023-01-06,2270.91
1940,73,2022-12-11,3784.8500000000004
1941,41,2022-01-01,5038.860000000001
1942,7,2021-07-09,969.27
1943,80,2023-03-20,234.46
1944,70,2023-08-07,3558.13
1945,46,2021-07-30,756.97
1946,8,2023-12-03,2262.48
1947,95,2022-10-01,1151.46
1948,82,2023-03-24,7416.639999999999
1949,22,2022-06-26,553.0
1950,25,2022-12-12,476.85
1951,55,2021-03-21,829.5
1952,39,2022-04-15,5450.47
1953,71,2021-07-30,3027.88
1954,49,2023-05-21,1775.0
1955,93,2021-07-22,1615.4499999999998
1956,7,2021-01-13,95.37
1957,48,2023-01-23,3331.24
1958,72,2023-11-16,443.75
1959,57,2022-04-15,2498.43
1960,75,2023-07-25,887.5
1961,80,2022-10-06,2270.91
1962,61,2023-03-28,3835.4399999999996
1963,38,2023-03-12,5059.280000000001
1964,44,2022-03-18,2611.4700000000003
1965,59,2023-09-04,264.88
1966,86,2021-12-15,1292.36
1967,69,2022-03-31,598.46
1968,88,2021-03-12,1513.94
1969,5,2021-11-26,5652.290000000001
1970,56,2022-06-02,2801.16
1971,74,2022-03-25,3331.24
1972,45,2022-11-25,4164.049999999999
1973,52,2022-07-09,933.72
1974,84,2023-07-20,1559.65
1975,33,2023-03-26,1292.36
1976,72,2021-09-24,2724.7
1977,86,2023-01-19,1006.6500000000001
1978,92,2021-03-27,95.37
1979,75,2021-12-12,4827.26
1980,3,2021-09-16,1107.18
1981,21,2021-07-27,5999.85
1982,64,2023-08-06,2218.75
1983,77,2022-10-25,3827.4700000000003
1984,54,2023-09-06,1107.18
1985,27,2022-09-06,1496.15
1986,87,2021-10-08,190.74
1987,5,2022-10-22,4668.6
1988,64,2021-03-24,1292.36
1989,49,2022-01-10,2214.36
1990,34,2023-02-18,553.0
1991,64,2021-05-20,4996.86
1992,72,2023-12-28,897.69
1993,84,2021-05-10,276.5
1994,65,2023-09-21,1292.36
1995,32,2023-11-12,4668.6
1996,76,2023-07-27,969.27
1997,47,2023-06-03,969.27
1998,22,2021-06-19,5770.0
1999,96,2023-10-20,5061.74
2000,90,2022-01-28,3734.88
2001,65,2022-12-17,1427.45
2002,23,2022-12-24,443.75
2003,69,2021-07-16,1331.25
2004,46,2022-04-24,3205.1099999999997
2005,70,2023-01-16,1382.5
2006,35,2021-08-08,1324.4
2007,82,2021-01-20,887.5
2008,84,2021-09-27,2801.16
2009,49,2022-07-04,381.48
2010,17,2023-03-21,381.48
2011,62,2021-12-11,323.09
2012,37,2021-10-18,4164.049999999999
2013,57,2022-12-27,4717.049999999999
2014,61,2023-04-26,1059.52
2015,49,2022-09-18,832.81
2016,36,2021-09-21,887.5
2017,95,2023-11-11,829.5
2018,100,2023-09-26,513.8299999999999
2019,69,2023-05-14,933.72
2020,22,2023-07-16,190.74
2021,71,2023-04-02,3109.74
2022,20,2022-12-15,1244.6399999999999
2023,74,2022-12-09,476.85
2024,85,2021-09-13,2121.8599999999997
2025,93,2022-10-30,1760.9899999999998
2026,78,2021-08-27,4833.209999999999
2027,39,2022-10-05,1059.52
2028,90,2022-03-22,1292.36
2029,59,2022-05-01,832.81
2030,2,2023-06-02,832.81
2031,78,2023-06-11,476.85
2032,87,2022-11-22,299.23
2033,99,2022-09-03,476.85
2034,96,2022-06-26,1331.25
2035,95,2022-11-11,3134.68
2036,79,2023-12-07,443.75
2037,12,2023-05-19,1818.84
2038,68,2021-07-21,1292.36
2039,27,2023-10-26,969.27
2040,30,2022-04-10,3637.68
2041,27,2023-07-15,264.88
2042,15,2022-08-31,443.75
2043,60,2022-05-12,2383.65
2044,38,2021-11-15,2498.43
2045,2,2021-10-29,1775.0
2046,76,2022-12-20,323.09
2047,46,2022-08-25,2218.75
2048,90,2021-12-22,2218.75
2049,26,2021-04-28,832.81
2050,6,2023-01-14,646.18
2051,38,2023-05-11,476.85
2052,59,2023-02-26,264.88
2053,13,2023-07-05,832.81
2054,30,2022-01-28,3331.24
2055,21,2021-04-17,1775.0
2056,91,2023-12-29,381.48
2057,39,2022-02-10,646.18
2058,78,2023-09-18,299.23
2059,92,2023-09-15,476.85
2060,70,2021-05-11,832.81
2061,57,2023-08-15,3331.24
2062,83,2023-03-08,476.85
2063,87,2021-02-12,4870.19
2064,96,2021-10-07,3015.76
2065,53,2023-05-18,1324.4
2066,64,2021-09-20,381.48
2067,70,2023-08-23,529.76
2068,96,2022-07-08,1292.36
2069,86,2023-06-28,4547.099999999999
2070,88,2023-06-12,887.5
2071,85,2023-06-07,190.74
2072,81,2023-08-25,1292.36
2073,97,2023-11-10,969.27
2074,45,2023-08-17,1059.52
2075,40,2023-09-25,909.42
2076,63,2023-09-02,381.48
2077,49,2022-11-27,264.88
2078,14,2022-10-26,2498.43
2079,56,2022-06-27,381.48
2080,43,2022-12-05,4547.099999999999
2081,43,2022-12-11,969.27
2082,35,2022-06-30,3637.68
2083,78,2023-02-27,933.72
2084,11,2022-03-01,286.11
2085,23,2021-03-20,264.88
2086,71,2022-11-14,2218.75
2087,85,2021-03-26,1155.8999999999999
2088,28,2021-04-21,897.69
2089,70,2022-11-10,381.48
2090,83,2023-12-23,832.81
2091,34,2022-11-06,443.75
2092,48,2022-03-27,1331.25
2093,5,2023-11-05,2304.76
2094,40,2023-09-25,598.46
2095,83,2022-08-21,832.81
2096,44,2023-07-30,1775.0
2097,71,2022-05-19,443.75
2098,92,2023-08-14,2498.43
2099,8,2021-03-31,832.81
2100,30,2022-02-14,2218.75
2101,58,2022-07-10,909.42
2102,88,2023-07-31,95.37
2103,27,2023-08-08,1775.0
2104,86,2023-06-10,1665.62
2105,40,2023-07-09,1496.15
2106,21,2022-08-11,3637.68
2107,62,2022-10-26,3637.68
2108,25,2023-10-05,832.81
2109,94,2021-06-11,2716.5299999999997
2110,34,2021-02-15,299.23
2111,33,2021-12-18,909.42
2112,45,2022-08-02,1818.84
2113,62,2023-10-06,3637.68
2114,5,2022-07-30,909.42
2115,67,2021-07-31,1196.92
2116,6,2021-11-04,1496.15
2117,2,2023-09-08,3637.68
2118,21,2023-06-07,598.46
2119,90,2021-07-02,1196.92
2120,55,2021-05-09,299.23
2121,3,2021-12-18,2728.2599999999998
2122,46,2021-10-12,1196.92
2123,77,2022-06-13,299.23
2124,43,2022-03-04,4547.099999999999
2125,38,2021-04-07,299.23
2126,36,2023-02-10,1818.84
2127,24,2023-12-31,897.69
2128,9,2023-08-16,299.23
2129,4,2022-05-29,1496.15
2130,65,2022-01-24,897.69
2131,61,2022-12-12,598.46
2132,45,2023-04-05,598.46
2133,88,2021-06-30,443.75
